<?xml version="1.0" encoding="utf-8"?>
<extension type="component" version="2.5.0" method="upgrade">
	<name>COM_NICEPAGE</name>
	<creationDate>2016-09-01</creationDate>
	<author>Nicepage https://www.nicepage.com</author>
	<authorEmail/>
	<authorUrl>https://nicepage.com/</authorUrl>
	<copyright>Copyright (c) 2016 - 2019 Nicepage</copyright>
	<license>http://www.gnu.org/licenses/gpl-2.0.html GNU/GPLv2 or later</license>
	<version>3.10.2</version>
	<description>Nicepage</description>
    <scriptfile>install.script.php</scriptfile>
	<updateservers>
		<server type="extension" name="Nicepage">https://nicepage.com/downloads/joomla_nicepage_update.xml</server>
	</updateservers>
	<install>
  		<sql>
    		<file charset="utf8" driver="mysql">install.mysql.sql</file>
            <file charset="utf8" driver="postgresql">install.postgresql.sql</file>
  		</sql>
	</install>

	<scriptfile>install.php</scriptfile>

	<files folder="site">
		<folder>assets</folder>
		<folder>helpers</folder>
		<filename>nicepage.php</filename>
		<filename>controller.php</filename>
	</files>

	<administration>
		<menu>COM_NICEPAGE</menu>
		<submenu>
			<menu link="option=com_nicepage&amp;task=nicepage.start" alt="Nicepage/Run editor">COM_NICEPAGE_EDITOR</menu>
			<menu link="option=com_nicepage&amp;view=import" alt="Nicepage/Import Data">COM_NICEPAGE_IMPORT</menu>
			<menu link="option=com_nicepage&amp;view=config" alt="Nicepage/Import Data">COM_NICEPAGE_CONFIGURATION</menu>
			<menu link="option=com_nicepage&amp;view=theme" alt="Nicepage/Theme">COM_NICEPAGE_THEME</menu>
			<menu link="option=com_nicepage&amp;view=theme&amp;element=colors" alt="Theme/Colors">COM_NICEPAGE_THEME_COLORS</menu>
			<menu link="option=com_nicepage&amp;view=theme&amp;element=fonts" alt="Theme/Fonts">COM_NICEPAGE_THEME_FONTS</menu>
			<menu link="option=com_nicepage&amp;view=theme&amp;element=typography" alt="Theme/Typography">COM_NICEPAGE_THEME_TYPOGRAPHY</menu>
			<menu link="option=com_nicepage&amp;view=theme&amp;element=customize" alt="Theme/Customize">COM_NICEPAGE_THEME_CUSTOMIZE</menu>
			<menu link="option=com_nicepage&amp;view=theme&amp;element=Header" alt="Theme/Header">COM_NICEPAGE_THEME_HEADER</menu>
			<menu link="option=com_nicepage&amp;view=theme&amp;element=Menu" alt="Theme/Menu">COM_NICEPAGE_THEME_MENU</menu>
			<menu link="option=com_nicepage&amp;view=theme&amp;element=Footer" alt="Theme/Footer">COM_NICEPAGE_THEME_FOOTER</menu>
		</submenu>
		<files folder="admin">
            <folder>assets</folder>
			<folder>controllers</folder>
			<folder>helpers</folder>
			<folder>languages</folder>
			<folder>library</folder>
			<folder>models</folder>
			<folder>tables</folder>
			<folder>views</folder>
			<filename>access.xml</filename>
			<filename>config.xml</filename>
			<filename>nicepage.php</filename>
			<filename>controller.php</filename>
			<filename>index.html</filename>
			<filename>install.mysql.sql</filename>
			<filename>install.postgresql.sql</filename>
		</files>

		<languages folder="admin">
			<language tag="en-GB">languages/en-GB/en-GB.com_nicepage.ini</language>
			<language tag="en-GB">languages/en-GB/en-GB.com_nicepage.sys.ini</language>
		</languages>

	</administration>

</extension>
